{"unixtime": 1586340407.4693732, "type": "file", "data": {"file": {"/etc/passwd": 1585035921.8050842, "/etc/group": 1567061497.598102, "/etc/shadow": 1574836055.6743987, "/etc/sudoers": 1571383588.225267, "/etc/resolv.conf": 1586307756.152508, "/etc/sysconfig/network": 1562031287.0397797, "/etc/rc.local": 1562055599.7905145, "/etc/inittab": 1540940225.0, "/etc/hosts": 1564644843.111508, "/etc/hostname": 1562030085.3639996, "/etc/fstab": 1562031863.0232477, "/etc/crontab": 1402352071.0, "/etc/motd": 1370615492.0, "/etc/bashrc": 1562035645.6484334, "/etc/profile": 1540928890.0, "/etc/sysconfig/ip6tables-config": 1541350981.0, "/etc/sysconfig/iptables-config": 1541350981.0, "/etc/ld.so.conf": 1361996942.0, "/etc/sysconfig/firewalld": 1540939619.0, "/etc/sysconfig/crond": 1542723760.0, "/var/spool/mail/root": null}, "dir": {"/etc/profile.d": 33473371795.409782, "/etc/ld.so.conf.d": 7463853683.46353}}}